<manifest>
  <plugin>
    <name value= "Impersonate"/>
    <handle value= "impersonate"/>
    <description value= "Allows an admin to impersonate a user. CMU Customizations of Building Block originally from USF (http://projects.oscelot.org/gf/project/impersonate/)"/>
    <version value= "1.1.1"/>
    <requires>
	<bbversion value="9.0.0"/>
    </requires>
    <vendor>
      <id value="cmu"/>
      <name value="Central Michigan University"/>
      <url value="http://www.cmich.edu/" />
    </vendor>
    <http-actions>
      <remove value=""/>
    </http-actions>

	<application-defs> 
		<application handle="impersonate" type="system" name="Impersonate">
		<description lang="en_US">Allows an admin to impersonate a user.</description> 
		<links>
			<link> 
				<type value="system_tool"/> 
					<name value="Impersonate"/> 
					<url value="link.jsp"/> 
					<description value="Allows an admin to impersonate a user."/>
			</link> 
		</links>
		</application> 
	</application-defs>



   <permissions>
   
	<permission type="attribute" name="user.authinfo" actions="get" />
	<permission type="attribute" name="user.personalinfo" actions="get,set" />
    <permission type="socket" name="*" actions="connect,resolve" />
    <permission type="java.net.NetPermission" name="getCookieHandler" actions="read" />
    <permission type="java.net.NetPermission" name="setCookieHandler" actions="write" />
    <permission type="java.util.PropertyPermission" name="http.strictPostRedirect" actions="read,write" />
    
    
   </permissions>
  </plugin>
</manifest>
